{
    "test": {
        "ndcg_at_10": 0.86274,
        "ndcg_at_50": 0.86593,
        "map_at_10": 0.82207,
        "map_at_50": 0.82282,
        "recall_at_10": 0.98649,
        "recall_at_50": 1.0,
        "precision_at_10": 0.09865,
        "precision_at_50": 0.02,
        "mrr_at_10": 0.82207,
        "mrr_at_50": 0.82282
    }
}