P@1,R@1,NDCG@1,MAP@1,MRR@1,P@3,R@3,NDCG@3,MAP@3,MRR@3,P@5,R@5,NDCG@5,MAP@5,MRR@5,P@10,R@10,NDCG@10,MAP@10,MRR@10,P@100,R@100,NDCG@100,MAP@100,MRR@100,P@1000,R@1000,NDCG@1000,MAP@1000,MRR@1000,dataset,model
0.14083621502672117,0.012832083605717725,0.13957874882112542,0.012832083605717725,0.14083621502672117,0.11107618149428902,0.024982246401346213,0.12074176617600764,0.019652340077297246,0.18186104998428168,0.09412134548883999,0.03084285710496223,0.10996131222342181,0.021986413035960335,0.1920308079220371,0.07293303992455202,0.04361837388182037,0.09783084769594973,0.025145902693191072,0.20111475377115115,0.03051241747878026,0.12528391856228824,0.09848462471077243,0.03186026338400926,0.21235530683617032,0.01566174159069475,0.476987921936558,0.20086293321921,0.039827622508724854,0.21359429022569912,LocalDoc/nf_az,../finetuned_bge_m3_v1
0.698744769874477,0.6205834495583449,0.698744769874477,0.6205834495583449,0.698744769874477,0.30357973035797303,0.762959088795909,0.7336231942643618,0.7124399504106618,0.7453509995350999,0.19372384937238493,0.8056136680613668,0.7525911020808415,0.7253293041995971,0.7530218503021849,0.10299860529986052,0.8505346350534634,0.7683568451446297,0.732930050991418,0.7582566801709062,0.011624825662482565,0.9583914458391445,0.7923621571241252,0.7382916875644495,0.7623211684680928,0.0012043235704323574,0.99302649930265,0.7970735390780797,0.7385107574406142,0.762472942553367,LocalDoc/nq_az,../finetuned_bge_m3_v1
0.9006211180124224,0.8778467908902691,0.9006211180124224,0.8778467908902691,0.9006211180124224,0.33747412008281574,0.9627329192546584,0.9368709879760768,0.9275362318840579,0.9285714285714286,0.20496894409937888,0.9751552795031055,0.9419488101208467,0.9303312629399584,0.9313664596273291,0.10310559006211178,0.9813664596273292,0.94381856164671,0.9310213940648724,0.9320565907522429,0.010496894409937887,1.0,0.9470559443765056,0.9313756859792666,0.9324108826666371,0.0010496894409937891,1.0,1.520885723980302,4.240274210705943,0.9324108826666371,LocalDoc/marco_az,../finetuned_bge_m3_v1
